Review_ID,Subject,Relation,Object
10726,E.g.: (reviewer,stayed,amsterdam
19098,For example: (ok,stayed,tokyo
960,E.g.: (hotel,stay,fte sml sml sml sml sml sml sml sml sml sml sml sml sml sml sml sml sml sml sml sml sml sml sml sml sml sml sml sml sml sml sml sml sml sml sml sml sml sml sml sml
17525,(fantastic,stay,affinia
17525,(affinia,50,amsterdam
13241,E.g.: (california,visit,orlando
15123,E.g.: (marco polo hotel,stayed,jorge alberto alberto alberto alberto alberto alberto alberto alberto alberto alberto alberto alberto alberto alberto alberto alberto alberto alberto alberto alberto alberto alberto alberto alberto alberto alberto alberto alberto alberto alberto alberto alberto alberto alberto alberto alberto alberto alberto
3505,E.g.: (hotel,stay,miami
3505,(hotel,miami,miami
3505,(hotel,miami,miami
3505,(hotel,miami,miami
3505,(hotel,miami,miami
2751,E.g.: (beautiful,stay,jn romeo milano milano milano milano milano milano milano milano milano milano milano milano milano milano milano milano milano milano milano milano milano milano milano milano milano milano milano milano milano milano milano milano milano milano milano milano milano milano milano
6245,E.g.: (luanna,stayed,hawaii
6245,(luanna,stayed,hawaii
6245,(luanna,stayed,hawaii
6245,(luanna,stayed,hawaii
6245,(luanna,stayed,
15208,E.g. (mature,of,singapore
13576,E.g.: (hotel,stayed,amsterdam
8647,E.g.: (great location,has_location,amsterdam).
4461,E.g. (paris,friend-of,nicolas trembly trembly nicolas nicolas nicolas nicolas nicolas nicolas nicolas nicolas nicolas nicolas nicolas nicolas nicolas nicolas nicolas nicolas nicolas nicolas nicolas nicolas nicolas nicolas nicolas nicolas nicolas nicolas nicolas nicolas nicolas nicolas nicolas nicolas nicolas nicolas
4186,Each triple should be a string of the form: (subject,relationship,object).
4186,Each string should be in the form: (subject,relationship,object).
9620,E.g.: (nadia,loves,nicolas nicolas nicolas nicolas nicolas nicolas nicolas nicolas nicolas nicolas nicolas nicolas nicolas nicolas nicolas nicolas nicolas nicolas nicolas nicolas nicolas nicolas nicolas nicolas nicolas nicolas nicolas nicolas nicolas nicolas nicolas nicolas nicolas nicolas nicolas nicolas nicolas nicolas nicolas nicolas
6788,E.g.: (strawberry,has_flavor,strawberry_flavor
6788,(strawberry,has_flavor,strawberry_flavor
6788,(strawberry,has_flavor,strawberry_flavor
6788,(strawberry,has_flavor,
12789,E.g.: (sydney,has_address,sydney
12789,(sydney,has_address,sydney
12789,(sydney,has_address,sydney
12789,(sydney,has_address,sydney
2361,E.g.: (palace,stay,sofia sofia sofia sofia sofia sofia sofia sofia sofia sofia sofia sofia sofia sofia sofia sofia sofia sofia sofia sofia sofia sofia sofia sofia sofia sofia sofia sofia sofia sofia sofia sofia sofia sofia sofia sofia sofia sofia sofia sofia sofia
8086,E.g.: (hotel,stayed,milano milano milano milano milano milano milano milano milano milano milano milano milano milano milano milano milano milano milano milano milano milano milano milano milano milano milano milano milano milano milano milano milano milano milano milano milano milano milano milano milano
1027,E.g.: (california,visit,orlando
11823,E.g.: (barcelona,barcelona,barcelona
16452,E.g. (beautiful gardens,husband,booked 10 night stay
2315,(thanks,stayed,feb
2315,(thanks,stayed,feb
7726,E.g.: (booklover,has_affiliation,brooklyn brooklyn brooklyn brooklyn brooklyn brooklyn brooklyn brooklyn brooklyn brooklyn brooklyn brooklyn brooklyn brooklyn brooklyn brooklyn brooklyn brooklyn brooklyn brooklyn brooklyn brooklyn brooklyn brooklyn brooklyn brooklyn brooklyn brooklyn brooklyn brooklyn brooklyn brooklyn brooklyn brooklyn brooklyn brooklyn brooklyn brooklyn
18697,E.g.: (iberostar,is_a,punta cana
18697,(iberostar,is_a,punta cana
18697,(iberostar,is_a,punta cana
19924,"For example, (great location",has_amenities,has_amenities
8161,E.g.: (hotel,stay,manchester
17123,E.g.: (Bahia Principe,Stayed,kona kona kona kona kona kona kona kona kona kona kona kona kona kona kona kona kona kona kona kona kona kona kona kona kona kona kona kona kona kona kona kona kona kona kona kona kona kona
8798,E.g.: (wonderful hotel,fantastic location,amsterdam
1710,E.g. (great experience,stayed,boston
8327,"For example, (barcelona",hasLocationOf,milano
4779,E.g.: (georgetown restaurant,has_menu,italian
19720,E.g. (stylish,has_amenity,-
18033,Each triple should be a string of the form: (subject,relationship,object).
18033,Each triple should be a string of the form: (subject,relationship,object).
8354,E.g.: (melia,has_address,amsterdam
5864,(hotel,stayed,june 2005
5864,(hotel,increaase_price,june 2005
20102,E.g.: (punta cana,whereabout,nevada nevada nevada nevada nevada nevada nevada nevada nevada nevada nevada nevada nevada nevada nevada nevada nevada nevada nevada nevada nevada nevada nevada nevada nevada nevada nevada nevada nevada nevada nevada nevada nevada nevada nevada nevada nevada nevada
6290,For example: (hotel,stay,miuyo
16172,E.g.: (did,said,gather
16172,E.g.: (exactly,ditto,ditto
16172,E.g.: ( susceptive,susceptive,susceptive
3682,E.g.: (amazing,went,fei fei fei fei fei fei fei fei fei fei fei fei fei fei fei fei fei fei fei fei fei fei fei fei fei fei fei fei fei fei fei fei fei fei fei fei fei fei fei fei fei
3489,(great location,has_facility,great facilities
3489,(great location,has_facility,great facilities
980,E.g. (clift,equals,elegance
1393,E.g.: (beautiful,has-a-relation-with,boston common
12147,E.g.: (hotel,stay,hilton sydney nsw nsw nsw nsw nsw nsw nsw nsw nsw nsw nsw nsw nsw nsw nsw nsw nsw nsw nsw nsw nsw nsw nsw nsw nsw nsw nsw nsw nsw nsw nsw nsw nsw nsw nsw nsw nsw nsw nsw
6740,E.g.: (martin luther king,day,saturday
5980,E.g. (Hilton,Stayed,kona
4197,E.g.: (Cambridge Suites,Booked,Deluxe Suites
17033,E.g.: (paris,visit,venice
2579,E.g.: (larry page,is-a,microsoft
2579,(larry page,is-a,microsoft
2579,(larry page,is-a,microsoft
2579,(larry page,is-a,microsoft
20029,E.g.: (mickey mouse,friend,minnie mouse
20029,(mickey mouse,friend,minnie mouse
20029,(mickey mouse,friend,minnie mouse
20029,(mickey mouse,friend,minnie mouse
2602,E.g.: (great staff,is-a,?...?...?...?...?...?...?...?...?...?...?...?...?...?...?...?...?...?...?...?...?...?...?...?...?...?...?...?...?...?...?...?...?...?...?...?...?...?...
4602,E.g. (5-star-room,has-rating,3
4602,(5-star-room,has-rating,3
4602,(5-star-room,has-rating,3
15731,(great value pleasant hotel,great harbour views,rooms
15731,(great value pleasant hotel,great harbour views,rooms
10632,E.g. (italy,rome,hilton milano milano milano milano milano milano milano milano milano milano milano milano milano milano milano milano milano milano milano milano milano milano milano milano milano milano milano milano milano milano milano milano milano milano milano milano milano milano milano milano
1911,Each string should be in the format: (subject,relationship,object).
1911,Each string should be in the format: (subject,relationship,object).
5787,(fabulous,stay,sofia sofia sofia sofia sofia sofia sofia sofia sofia sofia sofia sofia sofia sofia sofia sofia sofia sofia sofia sofia sofia sofia sofia sofia sofia sofia sofia sofia sofia sofia
866,(cow,has_a,milk
866,(cow,has_a,udder
866,(cow,has_a,udder
